  {
   "people":[
    {
      "edited": "2014-12-20T21:17:56.891Z",
      "name": "Luke Skywalker",
      "created": "2014-12-09T13:50:51.644Z",
      "gender": "male",
      "skin_color": "fair",
      "hair_color": "blond",
      "height": "172",
      "eye_color": "blue",
      "mass": "77",
      "homeworld": 1,
      "birth_year": "19BBY",
      "image": "luke_skywalker.jpg"
    },
   {
      "edited": "2014-12-20T21:17:50.309Z",
      "name": "C-3PO",
      "created": "2014-12-10T15:10:51.357Z",
      "gender": "n/a",
      "skin_color": "gold",
      "hair_color": "n/a",
      "height": "167",
      "eye_color": "yellow",
      "mass": "75",
      "homeworld": 1,
      "birth_year": "112BBY",
      "image": "c-3po.jpg"
    },
  {
      "edited": "2014-12-20T21:17:50.311Z",
      "name": "R2-D2",
      "created": "2014-12-10T15:11:50.376Z",
      "gender": "n/a",
      "skin_color": "white, blue",
      "hair_color": "n/a",
      "height": "96",
      "eye_color": "red",
      "mass": "32",
      "homeworld": 8,
      "birth_year": "33BBY",
      "image": "r2-d2.jpg"
    },
    
    {
      "edited": "2014-12-20T21:17:50.313Z",
      "name": "Darth Vader",
      "created": "2014-12-10T15:18:20.704Z",
      "gender": "male",
      "skin_color": "white",
      "hair_color": "none",
      "height": "202",
      "eye_color": "yellow",
      "mass": "136",
      "homeworld": 1,
      "birth_year": "41.9BBY",
      "image": "darth_vader.jpg"
    },
    
    {
      "edited": "2014-12-20T21:17:50.315Z",
      "name": "Leia Organa",
      "created": "2014-12-10T15:20:09.791Z",
      "gender": "female",
      "skin_color": "light",
      "hair_color": "brown",
      "height": "150",
      "eye_color": "brown",
      "mass": "49",
      "homeworld": 2,
      "birth_year": "19BBY",
      "image": "leia_organa.jpg"
    },
    
    {
      "edited": "2014-12-20T21:17:50.317Z",
      "name": "Owen Lars",
      "created": "2014-12-10T15:52:14.024Z",
      "gender": "male",
      "skin_color": "light",
      "hair_color": "brown, grey",
      "height": "178",
      "eye_color": "blue",
      "mass": "120",
      "homeworld": 1,
      "birth_year": "52BBY",
      "image": "owen_lars.jpg"
    },
    
    {
      "edited": "2014-12-20T21:17:50.319Z",
      "name": "Beru Whitesun lars",
      "created": "2014-12-10T15:53:41.121Z",
      "gender": "female",
      "skin_color": "light",
      "hair_color": "brown",
      "height": "165",
      "eye_color": "blue",
      "mass": "75",
      "homeworld": 1,
      "birth_year": "47BBY",
      "image": "beru_whitesun_lars.jpg"
    },
    
    {
      "edited": "2014-12-20T21:17:50.321Z",
      "name": "R5-D4",
      "created": "2014-12-10T15:57:50.959Z",
      "gender": "n/a",
      "skin_color": "white, red",
      "hair_color": "n/a",
      "height": "97",
      "eye_color": "red",
      "mass": "32",
      "homeworld": 1,
      "birth_year": "unknown",
      "image": "r5-d4.jpg"
    },
    
    {
      "edited": "2014-12-20T21:17:50.323Z",
      "name": "Biggs Darklighter",
      "created": "2014-12-10T15:59:50.509Z",
      "gender": "male",
      "skin_color": "light",
      "hair_color": "black",
      "height": "183",
      "eye_color": "brown",
      "mass": "84",
      "homeworld": 1,
      "birth_year": "24BBY",
      "image": "biggs_darklighter.jpg"
    },
    
    {
      "edited": "2014-12-20T21:17:50.325Z",
      "name": "Obi-Wan Kenobi",
      "created": "2014-12-10T16:16:29.192Z",
      "gender": "male",
      "skin_color": "fair",
      "hair_color": "auburn, white",
      "height": "182",
      "eye_color": "blue-gray",
      "mass": "77",
      "homeworld": 20,
      "birth_year": "57BBY",
      "image": "obi-wan_kenobi.jpg"
    },
    
 
    {
      "edited": "2014-12-20T21:17:50.327Z",
      "name": "Anakin Skywalker",
      "created": "2014-12-10T16:20:44.310Z",
      "gender": "male",
      "skin_color": "fair",
      "hair_color": "blond",
      "height": "188",
      "eye_color": "blue",
      "mass": "84",
      "homeworld": 1,
      "birth_year": "41.9BBY",
      "image": "anakin_skywalker.jpg"
    },
    
  {
      "edited": "2014-12-20T21:17:50.330Z",
      "name": "Wilhuff Tarkin",
      "created": "2014-12-10T16:26:56.138Z",
      "gender": "male",
      "skin_color": "fair",
      "hair_color": "auburn, grey",
      "height": "180",
      "eye_color": "blue",
      "mass": "unknown",
      "homeworld": 21,
      "birth_year": "64BBY",
      "image": "wilhuff_tarkin.jpg"
    },
    
   {
       "edited": "2014-12-20T21:17:50.332Z",
      "name": "Chewbacca",
      "created": "2014-12-10T16:42:45.066Z",
      "gender": "male",
      "skin_color": "unknown",
      "hair_color": "brown",
      "height": "228",
      "eye_color": "blue",
      "mass": "112",
      "homeworld": 14,
      "birth_year": "200BBY",
      "image": "chewbacca.jpg"
    },
    
   {
       "edited": "2014-12-20T21:17:50.334Z",
      "name": "Han Solo",
      "created": "2014-12-10T16:49:14.582Z",
      "gender": "male",
      "skin_color": "fair",
      "hair_color": "brown",
      "height": "180",
      "eye_color": "brown",
      "mass": "80",
      "homeworld": 22,
      "birth_year": "29BBY",
      "image": "han_solo.jpg"
    },
    
     {
      "edited": "2014-12-20T21:17:50.336Z",
      "name": "Greedo",
      "created": "2014-12-10T17:03:30.334Z",
      "gender": "male",
      "skin_color": "green",
      "hair_color": "n/a",
      "height": "173",
      "eye_color": "black",
      "mass": "74",
      "homeworld": 23,
      "birth_year": "44BBY",
      "image": "greedo.jpg"
    },
    
     {
      "edited": "2014-12-20T21:17:50.338Z",
      "name": "Jabba Desilijic Tiure",
      "created": "2014-12-10T17:11:31.638Z",
      "gender": "hermaphrodite",
      "skin_color": "green-tan, brown",
      "hair_color": "n/a",
      "height": "175",
      "eye_color": "orange",
      "mass": "1,358",
      "homeworld": 24,
      "birth_year": "600BBY",
      "image": "jabba_desilijic_tiure.jpg"
    },
    
     {
      "edited": "2014-12-20T21:17:50.341Z",
      "name": "Wedge Antilles",
      "created": "2014-12-12T11:08:06.469Z",
      "gender": "male",
      "skin_color": "fair",
      "hair_color": "brown",
      "height": "170",
      "eye_color": "hazel",
      "mass": "77",
      "homeworld": 22,
      "birth_year": "21BBY",
      "image": "wedge_antilles.jpg"
    },
    
     {
      "edited": "2014-12-20T21:17:50.343Z",
      "name": "Jek Tono Porkins",
      "created": "2014-12-12T11:16:56.569Z",
      "gender": "male",
      "skin_color": "fair",
      "hair_color": "brown",
      "height": "180",
      "eye_color": "blue",
      "mass": "110",
      "homeworld": 26,
      "birth_year": "unknown",
      "image": "jek_tono_porkins.jpg"
    },
    
    {
      "edited": "2014-12-20T21:17:50.345Z",
      "name": "Yoda",
      "created": "2014-12-15T12:26:01.042Z",
      "gender": "male",
      "skin_color": "green",
      "hair_color": "white",
      "height": "66",
      "eye_color": "brown",
      "mass": "17",
      "homeworld": 28,
      "birth_year": "896BBY",
      "image": "yoda.jpg"
    },
    
     {
      "edited": "2014-12-20T21:17:50.347Z",
      "name": "Palpatine",
      "created": "2014-12-15T12:48:05.971Z",
      "gender": "male",
      "skin_color": "pale",
      "hair_color": "grey",
      "height": "170",
      "eye_color": "yellow",
      "mass": "75",
      "homeworld": 8,
      "birth_year": "82BBY",
      "image": "palpatine.jpg"
    },
    
     {
      "edited": "2014-12-20T21:17:50.349Z",
      "name": "Boba Fett",
      "created": "2014-12-15T12:49:32.457Z",
      "gender": "male",
      "skin_color": "fair",
      "hair_color": "black",
      "height": "183",
      "eye_color": "brown",
      "mass": "78.2",
      "homeworld": 10,
      "birth_year": "31.5BBY",
      "image": "boba_fett.jpg"
    },
    
    {
      "edited": "2014-12-20T21:17:50.351Z",
      "name": "IG-88",
      "created": "2014-12-15T12:51:10.076Z",
      "gender": "none",
      "skin_color": "metal",
      "hair_color": "none",
      "height": "200",
      "eye_color": "red",
      "mass": "140",
      "homeworld": 28,
      "birth_year": "15BBY",
      "image": "ig-88.jpg"
    },
    
    {
      "edited": "2014-12-20T21:17:50.355Z",
      "name": "Bossk",
      "created": "2014-12-15T12:53:49.297Z",
      "gender": "male",
      "skin_color": "green",
      "hair_color": "none",
      "height": "190",
      "eye_color": "red",
      "mass": "113",
      "homeworld": 29,
      "birth_year": "53BBY",
      "image": "bossk.jpg"
    },
    
     {
      "edited": "2014-12-20T21:17:50.357Z",
      "name": "Lando Calrissian",
      "created": "2014-12-15T12:56:32.683Z",
      "gender": "male",
      "skin_color": "dark",
      "hair_color": "black",
      "height": "177",
      "eye_color": "brown",
      "mass": "79",
      "homeworld": 30,
      "birth_year": "31BBY",
      "image": "lando_calrissian.jpg"
    },
    
    {
      "edited": "2014-12-20T21:17:50.359Z",
      "name": "Lobot",
      "created": "2014-12-15T13:01:57.178Z",
      "gender": "male",
      "skin_color": "light",
      "hair_color": "none",
      "height": "175",
      "eye_color": "blue",
      "mass": "79",
      "homeworld": 6,
      "birth_year": "37BBY",
      "image": "lobot.jpg"
    },
    
    {
      "edited": "2014-12-20T21:17:50.362Z",
      "name": "Ackbar",
      "created": "2014-12-18T11:07:50.584Z",
      "gender": "male",
      "skin_color": "brown mottle",
      "hair_color": "none",
      "height": "180",
      "eye_color": "orange",
      "mass": "83",
      "homeworld": 31,
      "birth_year": "41BBY",
      "image": "ackbar.jpg"
    },
    
    {
      "edited": "2014-12-20T21:17:50.364Z",
      "name": "Mon Mothma",
      "created": "2014-12-18T11:12:38.895Z",
      "gender": "female",
      "skin_color": "fair",
      "hair_color": "auburn",
      "height": "150",
      "eye_color": "blue",
      "mass": "unknown",
      "homeworld": 32,
      "birth_year": "48BBY",
      "image": "mon_mothma.jpg"
    },
    
     {
      "edited": "2014-12-20T21:17:50.367Z",
      "name": "Arvel Crynyd",
      "created": "2014-12-18T11:16:33.020Z",
      "gender": "male",
      "skin_color": "fair",
      "hair_color": "brown",
      "height": "unknown",
      "eye_color": "brown",
      "mass": "unknown",
      "homeworld": 28,
      "birth_year": "unknown",
      "image": "arvel_crynyd.jpg"
    },
    
     {
      "edited": "2014-12-20T21:17:50.369Z",
      "name": "Wicket Systri Warrick",
      "created": "2014-12-18T11:21:58.954Z",
      "gender": "male",
      "skin_color": "brown",
      "hair_color": "brown",
      "height": "88",
      "eye_color": "brown",
      "mass": "20",
      "homeworld": 7,
      "birth_year": "8BBY",
      "image": "wicket_systri_warrick.jpg"
    },
    
    {
      "edited": "2014-12-20T21:17:50.371Z",
      "name": "Nien Nunb",
      "created": "2014-12-18T11:26:18.541Z",
      "gender": "male",
      "skin_color": "grey",
      "hair_color": "none",
      "height": "160",
      "eye_color": "black",
      "mass": "68",
      "homeworld": 33,
      "birth_year": "unknown",
      "image": "nien_nunb.jpg"
    },
    
    {
      "edited": "2014-12-20T21:17:50.375Z",
      "name": "Qui-Gon Jinn",
      "created": "2014-12-19T16:54:53.618Z",
      "gender": "male",
      "skin_color": "fair",
      "hair_color": "brown",
      "height": "193",
      "eye_color": "blue",
      "mass": "89",
      "homeworld": 28,
      "birth_year": "92BBY",
      "image": "qui-gon_jinn.jpg"
    },
    
    {
      "edited": "2014-12-20T21:17:50.377Z",
      "name": "Nute Gunray",
      "created": "2014-12-19T17:05:57.357Z",
      "gender": "male",
      "skin_color": "mottled green",
      "hair_color": "none",
      "height": "191",
      "eye_color": "red",
      "mass": "90",
      "homeworld": 18,
      "birth_year": "unknown",
      "image": "nute_gunray.jpg"
    },
    
    {
      "edited": "2014-12-20T21:17:50.379Z",
      "name": "Finis Valorum",
      "created": "2014-12-19T17:21:45.915Z",
      "gender": "male",
      "skin_color": "fair",
      "hair_color": "blond",
      "height": "170",
      "eye_color": "blue",
      "mass": "unknown",
      "homeworld": 9,
      "birth_year": "91BBY",
      "image": "finis_valorum.jpg"
    },
    
     {
      "edited": "2014-12-20T21:17:50.381Z",
      "name": "Padmé Amidala",
      "created": "2014-12-19T17:28:26.926Z",
      "gender": "female",
      "skin_color": "light",
      "hair_color": "brown",
      "height": "185",
      "eye_color": "brown",
      "mass": "45",
      "homeworld": 8,
      "birth_year": "46BBY",
      "image": "padme_amidala.jpg"
    },
    
     {
      "edited": "2014-12-20T21:17:50.383Z",
      "name": "Jar Jar Binks",
      "created": "2014-12-19T17:29:32.489Z",
      "gender": "male",
      "skin_color": "orange",
      "hair_color": "none",
      "height": "196",
      "eye_color": "orange",
      "mass": "66",
      "homeworld": 8,
      "birth_year": "52BBY",
      "image": "jar_jar_binks.jpg"
    },
    
    {
      "edited": "2014-12-20T21:17:50.385Z",
      "name": "Roos Tarpals",
      "created": "2014-12-19T17:32:56.741Z",
      "gender": "male",
      "skin_color": "grey",
      "hair_color": "none",
      "height": "224",
      "eye_color": "orange",
      "mass": "82",
      "homeworld": 8,
      "birth_year": "unknown",
      "image": "roos_tarpals.jpg"
    },
    
    {
      "edited": "2014-12-20T21:17:50.388Z",
      "name": "Rugor Nass",
      "created": "2014-12-19T17:33:38.909Z",
      "gender": "male",
      "skin_color": "green",
      "hair_color": "none",
      "height": "206",
      "eye_color": "orange",
      "mass": "unknown",
      "homeworld": 8,
      "birth_year": "unknown",
      "image": "rugor_nass.jpg"
    },
    
     {
      "edited": "2014-12-20T21:17:50.392Z",
      "name": "Ric Olié",
      "created": "2014-12-19T17:45:01.522Z",
      "gender": "male",
      "skin_color": "fair",
      "hair_color": "brown",
      "height": "183",
      "eye_color": "blue",
      "mass": "unknown",
      "homeworld": 8,
      "birth_year": "unknown",
      "image": "ric_olie.jpg"
    },
    
    {
      "edited": "2014-12-20T21:17:50.395Z",
      "name": "Watto",
      "created": "2014-12-19T17:48:54.647Z",
      "gender": "male",
      "skin_color": "blue, grey",
      "hair_color": "black",
      "height": "137",
      "eye_color": "yellow",
      "mass": "unknown",
      "homeworld": 34,
      "birth_year": "unknown",
      "image": "watto.jpg"
    },
    
    {
      "edited": "2014-12-20T21:17:50.397Z",
      "name": "Sebulba",
      "created": "2014-12-19T17:53:02.586Z",
      "gender": "male",
      "skin_color": "grey, red",
      "hair_color": "none",
      "height": "112",
      "eye_color": "orange",
      "mass": "40",
      "homeworld": 35,
      "birth_year": "unknown",
      "image": "sebulba.jpg"
    },
    
    {
      "edited": "2014-12-20T21:17:50.399Z",
      "name": "Quarsh Panaka",
      "created": "2014-12-19T17:55:43.348Z",
      "gender": "male",
      "skin_color": "dark",
      "hair_color": "black",
      "height": "183",
      "eye_color": "brown",
      "mass": "unknown",
      "homeworld": 8,
      "birth_year": "62BBY",
      "image": "quarsh_panaka.jpg"
    },
    
    {
      "edited": "2014-12-20T21:17:50.401Z",
      "name": "Shmi Skywalker",
      "created": "2014-12-19T17:57:41.191Z",
      "gender": "female",
      "skin_color": "fair",
      "hair_color": "black",
      "height": "163",
      "eye_color": "brown",
      "mass": "unknown",
      "homeworld": 1,
      "birth_year": "72BBY",
      "image": "shmi_skywalker.jpg"
    },
    
     {
      "edited": "2014-12-20T21:17:50.403Z",
      "name": "Darth Maul",
      "created": "2014-12-19T18:00:41.929Z",
      "gender": "male",
      "skin_color": "red",
      "hair_color": "none",
      "height": "175",
      "eye_color": "yellow",
      "mass": "80",
      "homeworld": 36,
      "birth_year": "54BBY",
      "image": "darth_maul.jpg"
    },
    
     {
      "edited": "2014-12-20T21:17:50.407Z",
      "name": "Bib Fortuna",
      "created": "2014-12-20T09:47:02.512Z",
      "gender": "male",
      "skin_color": "pale",
      "hair_color": "none",
      "height": "180",
      "eye_color": "pink",
      "mass": "unknown",
      "homeworld": 37,
      "birth_year": "unknown",
      "image": "bib_fortuna.jpg"
    },
    
    {
      "edited": "2014-12-20T21:17:50.409Z",
      "name": "Ayla Secura",
      "created": "2014-12-20T09:48:01.172Z",
      "gender": "female",
      "skin_color": "blue",
      "hair_color": "none",
      "height": "178",
      "eye_color": "hazel",
      "mass": "55",
      "homeworld": 37,
      "birth_year": "48BBY",
      "image": "ayla_secura.jpg"
    },
    
    {
      "edited": "2014-12-20T21:17:50.410Z",
      "name": "Ratts Tyerel",
      "created": "2014-12-20T09:53:15.086Z",
      "gender": "male",
      "skin_color": "grey, blue",
      "hair_color": "none",
      "height": "79",
      "eye_color": "unknown",
      "mass": "15",
      "homeworld": 38,
      "birth_year": "unknown",
      "image": "ratts_tyerel.jpg"
    },
    
    {
      "edited": "2014-12-20T21:17:50.414Z",
      "name": "Dud Bolt",
      "created": "2014-12-20T09:57:31.858Z",
      "gender": "male",
      "skin_color": "blue, grey",
      "hair_color": "none",
      "height": "94",
      "eye_color": "yellow",
      "mass": "45",
      "homeworld": 39,
      "birth_year": "unknown",
      "image": "dud_bolt.jpg"
    },
    
    {
      "edited": "2014-12-20T21:17:50.416Z",
      "name": "Gasgano",
      "created": "2014-12-20T10:02:12.223Z",
      "gender": "male",
      "skin_color": "white, blue",
      "hair_color": "none",
      "height": "122",
      "eye_color": "black",
      "mass": "unknown",
      "homeworld": 40,
      "birth_year": "unknown",
      "image": "gasgano.jpg"
    },
    
    {
      "edited": "2014-12-20T21:17:50.417Z",
      "name": "Ben Quadinaros",
      "created": "2014-12-20T10:08:33.777Z",
      "gender": "male",
      "skin_color": "grey, green, yellow",
      "hair_color": "none",
      "height": "163",
      "eye_color": "orange",
      "mass": "65",
      "homeworld": 41,
      "birth_year": "unknown",
      "image": "ben_quadinaros.jpg"
    },
    
     {
      "edited": "2014-12-20T21:17:50.420Z",
      "name": "Mace Windu",
      "created": "2014-12-20T10:12:30.846Z",
      "gender": "male",
      "skin_color": "dark",
      "hair_color": "none",
      "height": "188",
      "eye_color": "brown",
      "mass": "84",
      "homeworld": 42,
      "birth_year": "72BBY",
      "image": "mace_windu.jpg"
    },
    
     {
      "edited": "2014-12-20T21:17:50.422Z",
      "name": "Ki-Adi-Mundi",
      "created": "2014-12-20T10:15:32.293Z",
      "gender": "male",
      "skin_color": "pale",
      "hair_color": "white",
      "height": "198",
      "eye_color": "yellow",
      "mass": "82",
      "homeworld": 43,
      "birth_year": "92BBY",
      "image": "ki-adi-mundi.jpg"
    },
    
    {
      "edited": "2014-12-20T21:17:50.424Z",
      "name": "Kit Fisto",
      "created": "2014-12-20T10:18:57.202Z",
      "gender": "male",
      "skin_color": "green",
      "hair_color": "none",
      "height": "196",
      "eye_color": "black",
      "mass": "87",
      "homeworld": 44,
      "birth_year": "unknown",
      "image": "kit_fisto.jpg"
    },
    
    {
      "edited": "2014-12-20T21:17:50.427Z",
      "name": "Eeth Koth",
      "created": "2014-12-20T10:26:47.902Z",
      "gender": "male",
      "skin_color": "brown",
      "hair_color": "black",
      "height": "171",
      "eye_color": "brown",
      "mass": "unknown",
      "homeworld": 45,
      "birth_year": "unknown",
      "image": "eeth_koth.jpg"
    },
    
    {
      "edited": "2014-12-20T21:17:50.432Z",
      "name": "Adi Gallia",
      "created": "2014-12-20T10:29:11.661Z",
      "gender": "female",
      "skin_color": "dark",
      "hair_color": "none",
      "height": "184",
      "eye_color": "blue",
      "mass": "50",
      "homeworld": 9,
      "birth_year": "unknown",
      "image": "adi_gallia.jpg"
    },
    
    {
      "edited": "2014-12-20T21:17:50.434Z",
      "name": "Saesee Tiin",
      "created": "2014-12-20T10:32:11.669Z",
      "gender": "male",
      "skin_color": "pale",
      "hair_color": "none",
      "height": "188",
      "eye_color": "orange",
      "mass": "unknown",
      "homeworld": 47,
      "birth_year": "unknown",
      "image": "saesee_tiin.jpg"
    },
    
    {
      "edited": "2014-12-20T21:17:50.437Z",
      "name": "Yarael Poof",
      "created": "2014-12-20T10:34:48.725Z",
      "gender": "male",
      "skin_color": "white",
      "hair_color": "none",
      "height": "264",
      "eye_color": "yellow",
      "mass": "unknown",
      "homeworld": 48,
      "birth_year": "unknown",
      "image": "yarael_poof.jpg"
    },
    
     {
      "edited": "2014-12-20T21:17:50.439Z",
      "name": "Plo Koon",
      "created": "2014-12-20T10:49:19.859Z",
      "gender": "male",
      "skin_color": "orange",
      "hair_color": "none",
      "height": "188",
      "eye_color": "black",
      "mass": "80",
      "homeworld": 49,
      "birth_year": "22BBY",
      "image": "plo_koon.jpg"
    },
    
     {
      "edited": "2014-12-20T21:17:50.442Z",
      "name": "Mas Amedda",
      "created": "2014-12-20T10:53:26.457Z",
      "gender": "male",
      "skin_color": "blue",
      "hair_color": "none",
      "height": "196",
      "eye_color": "blue",
      "mass": "unknown",
      "homeworld": 50,
      "birth_year": "unknown",
      "image": "mas_amedda.jpg"
    },
    
     {
      "edited": "2014-12-20T21:17:50.445Z",
      "name": "Gregar Typho",
      "created": "2014-12-20T11:10:10.381Z",
      "gender": "male",
      "skin_color": "dark",
      "hair_color": "black",
      "height": "185",
      "eye_color": "brown",
      "mass": "85",
      "homeworld": 8,
      "birth_year": "unknown",
      "image": "gregar_typho.jpg"
    },
    
    {
      "edited": "2014-12-20T21:17:50.449Z",
      "name": "Cordé",
      "created": "2014-12-20T11:11:39.630Z",
      "gender": "female",
      "skin_color": "light",
      "hair_color": "brown",
      "height": "157",
      "eye_color": "brown",
      "mass": "unknown",
      "homeworld": 8,
      "birth_year": "unknown",
      "image": "corde.jpg"
    },
    
     {
      "edited": "2014-12-20T21:17:50.451Z",
      "name": "Cliegg Lars",
      "created": "2014-12-20T15:59:03.958Z",
      "gender": "male",
      "skin_color": "fair",
      "hair_color": "brown",
      "height": "183",
      "eye_color": "blue",
      "mass": "unknown",
      "homeworld": 1,
      "birth_year": "82BBY",
      "image": "cliegg_lars.jpg"
    },
    
     {
      "edited": "2014-12-20T21:17:50.453Z",
      "name": "Poggle the Lesser",
      "created": "2014-12-20T16:40:43.977Z",
      "gender": "male",
      "skin_color": "green",
      "hair_color": "none",
      "height": "183",
      "eye_color": "yellow",
      "mass": "80",
      "homeworld": 11,
      "birth_year": "unknown",
      "image": "poggle_the_lesser.jpg"
    },
    
    {
      "edited": "2014-12-20T21:17:50.455Z",
      "name": "Luminara Unduli",
      "created": "2014-12-20T16:45:53.668Z",
      "gender": "female",
      "skin_color": "yellow",
      "hair_color": "black",
      "height": "170",
      "eye_color": "blue",
      "mass": "56.2",
      "homeworld": 51,
      "birth_year": "58BBY",
      "image": "luminara_unduli.jpg"
    },
    
    {
      "edited": "2014-12-20T21:17:50.457Z",
      "name": "Barriss Offee",
      "created": "2014-12-20T16:46:40.440Z",
      "gender": "female",
      "skin_color": "yellow",
      "hair_color": "black",
      "height": "166",
      "eye_color": "blue",
      "mass": "50",
      "homeworld": 51,
      "birth_year": "40BBY",
      "image": "barriss_offee.jpg"
    },
    
    {
      "edited": "2014-12-20T21:17:50.460Z",
      "name": "Dormé",
      "created": "2014-12-20T16:49:14.640Z",
      "gender": "female",
      "skin_color": "light",
      "hair_color": "brown",
      "height": "165",
      "eye_color": "brown",
      "mass": "unknown",
      "homeworld": 8,
      "birth_year": "unknown",
      "image": "dorme.jpg"
    },
    
    {
      "edited": "2014-12-20T21:17:50.462Z",
      "name": "Dooku",
      "created": "2014-12-20T16:52:14.726Z",
      "gender": "male",
      "skin_color": "fair",
      "hair_color": "white",
      "height": "193",
      "eye_color": "brown",
      "mass": "80",
      "homeworld": 52,
      "birth_year": "102BBY",
      "image": "dooku.jpg"
    },
    
    {
      "edited": "2014-12-20T21:17:50.463Z",
      "name": "Bail Prestor Organa",
      "created": "2014-12-20T16:53:08.575Z",
      "gender": "male",
      "skin_color": "tan",
      "hair_color": "black",
      "height": "191",
      "eye_color": "brown",
      "mass": "unknown",
      "homeworld": 2,
      "birth_year": "67BBY",
      "image": "bail_prestor_organa.jpg"
    },
    
     {
      "edited": "2014-12-20T21:17:50.465Z",
      "name": "Jango Fett",
      "created": "2014-12-20T16:54:41.620Z",
      "gender": "male",
      "skin_color": "tan",
      "hair_color": "black",
      "height": "183",
      "eye_color": "brown",
      "mass": "79",
      "homeworld": 53,
      "birth_year": "66BBY",
      "image": "jango_fett.jpg"
    },
    
    {
      "edited": "2014-12-20T21:17:50.468Z",
      "name": "Zam Wesell",
      "created": "2014-12-20T16:57:44.471Z",
      "gender": "female",
      "skin_color": "fair, green, yellow",
      "hair_color": "blonde",
      "height": "168",
      "eye_color": "yellow",
      "mass": "55",
      "homeworld": 54,
      "birth_year": "unknown",
      "image": "zam_wesell.jpg"
    },
    
    {
      "edited": "2014-12-20T21:17:50.470Z",
      "name": "Dexter Jettster",
      "created": "2014-12-20T17:28:27.248Z",
      "gender": "male",
      "skin_color": "brown",
      "hair_color": "none",
      "height": "198",
      "eye_color": "yellow",
      "mass": "102",
      "homeworld": 55,
      "birth_year": "unknown",
      "image": "dexter_jettster.jpg"
    },
    
    {
      "edited": "2014-12-20T21:17:50.473Z",
      "name": "Lama Su",
      "created": "2014-12-20T17:30:50.416Z",
      "gender": "male",
      "skin_color": "grey",
      "hair_color": "none",
      "height": "229",
      "eye_color": "black",
      "mass": "88",
      "homeworld": 10,
      "birth_year": "unknown",
      "image": "lama_su.jpg"
    },
    
    {
      "edited": "2014-12-20T21:17:50.474Z",
      "name": "Taun We",
      "created": "2014-12-20T17:31:21.195Z",
      "gender": "female",
      "skin_color": "grey",
      "hair_color": "none",
      "height": "213",
      "eye_color": "black",
      "mass": "unknown",
      "homeworld": 10,
      "birth_year": "unknown",
      "image": "taun_we.jpg"
    },
    
    {
      "edited": "2014-12-20T21:17:50.476Z",
      "name": "Jocasta Nu",
      "created": "2014-12-20T17:32:51.996Z",
      "gender": "female",
      "skin_color": "fair",
      "hair_color": "white",
      "height": "167",
      "eye_color": "blue",
      "mass": "unknown",
      "homeworld": 9,
      "birth_year": "unknown",
      "image": "jocasta_nu.jpg"
    },
    
     {
      "edited": "2014-12-20T21:17:50.478Z",
      "name": "R4-P17",
      "created": "2014-12-20T17:43:36.409Z",
      "gender": "female",
      "skin_color": "silver, red",
      "hair_color": "none",
      "height": "96",
      "eye_color": "red, blue",
      "mass": "unknown",
      "homeworld": 28,
      "birth_year": "unknown",
      "image": "r4-p17.jpg"
    },
    
     {
      "edited": "2014-12-20T21:17:50.481Z",
      "name": "Wat Tambor",
      "created": "2014-12-20T17:53:52.607Z",
      "gender": "male",
      "skin_color": "green, grey",
      "hair_color": "none",
      "height": "193",
      "eye_color": "unknown",
      "mass": "48",
      "homeworld": 56,
      "birth_year": "unknown",
      "image": "wat_tambor.jpg"
    },
    
     {
      "edited": "2014-12-20T21:17:50.484Z",
      "name": "San Hill",
      "created": "2014-12-20T17:58:17.049Z",
      "gender": "male",
      "skin_color": "grey",
      "hair_color": "none",
      "height": "191",
      "eye_color": "gold",
      "mass": "unknown",
      "homeworld": 57,
      "birth_year": "unknown",
      "image": "san_hill.jpg"
    },
    
    {
      "edited": "2014-12-20T21:17:50.486Z",
      "name": "Shaak Ti",
      "created": "2014-12-20T18:44:01.103Z",
      "gender": "female",
      "skin_color": "red, blue, white",
      "hair_color": "none",
      "height": "178",
      "eye_color": "black",
      "mass": "57",
      "homeworld": 58,
      "birth_year": "unknown",
      "image": "shaak_ti.jpg"
    },
    
    {
      "edited": "2014-12-20T21:17:50.488Z",
      "name": "Grievous",
      "created": "2014-12-20T19:43:53.348Z",
      "gender": "male",
      "skin_color": "brown, white",
      "hair_color": "none",
      "height": "216",
      "eye_color": "green, yellow",
      "mass": "159",
      "homeworld": 59,
      "birth_year": "unknown",
      "image": "grievous.jpg"
    },
    
     {
      "edited": "2014-12-20T21:17:50.491Z",
      "name": "Tarfful",
      "created": "2014-12-20T19:46:34.209Z",
      "gender": "male",
      "skin_color": "brown",
      "hair_color": "brown",
      "height": "234",
      "eye_color": "blue",
      "mass": "136",
      "homeworld": 14,
      "birth_year": "unknown",
      "image": "tarfful.jpg"
    },
    
     {
      "edited": "2014-12-20T21:17:50.493Z",
      "name": "Raymus Antilles",
      "created": "2014-12-20T19:49:35.583Z",
      "gender": "male",
      "skin_color": "light",
      "hair_color": "brown",
      "height": "188",
      "eye_color": "brown",
      "mass": "79",
      "homeworld": 2,
      "birth_year": "unknown",
      "image": "raymus_antilles.jpg"
    },
    
     {
      "edited": "2014-12-20T21:17:50.496Z",
      "name": "Sly Moore",
      "created": "2014-12-20T20:18:37.619Z",
      "gender": "female",
      "skin_color": "pale",
      "hair_color": "none",
      "height": "178",
      "eye_color": "white",
      "mass": "48",
      "homeworld": 60,
      "birth_year": "unknown",
      "image": "sly_moore.jpg"
    },
    
     {
      "edited": "2014-12-20T21:17:50.498Z",
      "name": "Tion Medon",
      "created": "2014-12-20T20:35:04.260Z",
      "gender": "male",
      "skin_color": "grey",
      "hair_color": "none",
      "height": "206",
      "eye_color": "black",
      "mass": "80",
      "homeworld": 12,
      "birth_year": "unknown",
      "image": "tion_medon.jpg"
    }
  ]
}
